{"indices": [0, 1, 10, 0, 9, 10, 9, 10, 19, 9, 18, 19, 18, 19, 28, 18, 27, 28, 27, 28, 37, 27, 36, 37, 36, 37, 46, 36, 45, 46, 45, 46, 55, 45, 54, 55, 54, 55, 64, 54, 63, 64, 63, 64, 73, 63, 72, 73, 72, 73, 82, 72, 81, 82, 1, 2, 11, 1, 10, 11, 10, 11, 20, 10, 19, 20, 19, 20, 29, 19, 28, 29, 28, 29, 38, 28, 37, 38, 37, 38, 47, 37, 46, 47, 46, 47, 56, 46, 55, 56, 55, 56, 65, 55, 64, 65, 64, 65, 74, 64, 73, 74, 73, 74, 83, 73, 82, 83, 2, 3, 12, 2, 11, 12, 11, 12, 21, 11, 20, 21, 20, 21, 30, 20, 29, 30, 29, 30, 39, 29, 38, 39, 38, 39, 48, 38, 47, 48, 47, 48, 57, 47, 56, 57, 56, 57, 66, 56, 65, 66, 65, 66, 75, 65, 74, 75, 74, 75, 84, 74, 83, 84, 3, 4, 13, 3, 12, 13, 12, 13, 22, 12, 21, 22, 21, 22, 31, 21, 30, 31, 30, 31, 40, 30, 39, 40, 39, 40, 49, 39, 48, 49, 48, 49, 58, 48, 57, 58, 57, 58, 67, 57, 66, 67, 66, 67, 76, 66, 75, 76, 75, 76, 85, 75, 84, 85, 4, 5, 14, 4, 13, 14, 13, 14, 23, 13, 22, 23, 22, 23, 32, 22, 31, 32, 31, 32, 41, 31, 40, 41, 40, 41, 50, 40, 49, 50, 49, 50, 59, 49, 58, 59, 58, 59, 68, 58, 67, 68, 67, 68, 77, 67, 76, 77, 76, 77, 86, 76, 85, 86, 5, 6, 15, 5, 14, 15, 14, 15, 24, 14, 23, 24, 23, 24, 33, 23, 32, 33, 32, 33, 42, 32, 41, 42, 41, 42, 51, 41, 50, 51, 50, 51, 60, 50, 59, 60, 59, 60, 69, 59, 68, 69, 68, 69, 78, 68, 77, 78, 77, 78, 87, 77, 86, 87, 6, 7, 16, 6, 15, 16, 15, 16, 25, 15, 24, 25, 24, 25, 34, 24, 33, 34, 33, 34, 43, 33, 42, 43, 42, 43, 52, 42, 51, 52, 51, 52, 61, 51, 60, 61, 60, 61, 70, 60, 69, 70, 69, 70, 79, 69, 78, 79, 78, 79, 88, 78, 87, 88, 7, 8, 17, 7, 16, 17, 16, 17, 26, 16, 25, 26, 25, 26, 35, 25, 34, 35, 34, 35, 44, 34, 43, 44, 43, 44, 53, 43, 52, 53, 52, 53, 62, 52, 61, 62, 61, 62, 71, 61, 70, 71, 70, 71, 80, 70, 79, 80, 79, 80, 89, 79, 88, 89, 8, 9, 18, 8, 17, 18, 17, 18, 27, 17, 26, 27, 26, 27, 36, 26, 35, 36, 35, 36, 45, 35, 44, 45, 44, 45, 54, 44, 53, 54, 53, 54, 63, 53, 62, 63, 62, 63, 72, 62, 71, 72, 71, 72, 81, 71, 80, 81, 80, 81, 90, 80, 89, 90, 9, 0, 9, 9, 18, 9, 18, 9, 18, 18, 27, 18, 27, 18, 27, 27, 36, 27, 36, 27, 36, 36, 45, 36, 45, 36, 45, 45, 54, 45, 54, 45, 54, 54, 63, 54, 63, 54, 63, 63, 72, 63, 72, 63, 72, 72, 81, 72, 81, 72, 81, 81, 90, 81], "vertexTextureCoords": [0.0, 0.0, 0.0, 0.1111111111111111, 0.0, 0.2222222222222222, 0.0, 0.3333333333333333, 0.0, 0.4444444444444444, 0.0, 0.5555555555555556, 0.0, 0.6666666666666666, 0.0, 0.7777777777777778, 0.0, 0.8888888888888888, 0.0, 1.0, 0.1111111111111111, 0.0, 0.1111111111111111, 0.1111111111111111, 0.1111111111111111, 0.2222222222222222, 0.1111111111111111, 0.3333333333333333, 0.1111111111111111, 0.4444444444444444, 0.1111111111111111, 0.5555555555555556, 0.1111111111111111, 0.6666666666666666, 0.1111111111111111, 0.7777777777777778, 0.1111111111111111, 0.8888888888888888, 0.1111111111111111, 1.0, 0.2222222222222222, 0.0, 0.2222222222222222, 0.1111111111111111, 0.2222222222222222, 0.2222222222222222, 0.2222222222222222, 0.3333333333333333, 0.2222222222222222, 0.4444444444444444, 0.2222222222222222, 0.5555555555555556, 0.2222222222222222, 0.6666666666666666, 0.2222222222222222, 0.7777777777777778, 0.2222222222222222, 0.8888888888888888, 0.2222222222222222, 1.0, 0.3333333333333333, 0.0, 0.3333333333333333, 0.1111111111111111, 0.3333333333333333, 0.2222222222222222, 0.3333333333333333, 0.3333333333333333, 0.3333333333333333, 0.4444444444444444, 0.3333333333333333, 0.5555555555555556, 0.3333333333333333, 0.6666666666666666, 0.3333333333333333, 0.7777777777777778, 0.3333333333333333, 0.8888888888888888, 0.3333333333333333, 1.0, 0.4444444444444444, 0.0, 0.4444444444444444, 0.1111111111111111, 0.4444444444444444, 0.2222222222222222, 0.4444444444444444, 0.3333333333333333, 0.4444444444444444, 0.4444444444444444, 0.4444444444444444, 0.5555555555555556, 0.4444444444444444, 0.6666666666666666, 0.4444444444444444, 0.7777777777777778, 0.4444444444444444, 0.8888888888888888, 0.4444444444444444, 1.0, 0.5555555555555556, 0.0, 0.5555555555555556, 0.1111111111111111, 0.5555555555555556, 0.2222222222222222, 0.5555555555555556, 0.3333333333333333, 0.5555555555555556, 0.4444444444444444, 0.5555555555555556, 0.5555555555555556, 0.5555555555555556, 0.6666666666666666, 0.5555555555555556, 0.7777777777777778, 0.5555555555555556, 0.8888888888888888, 0.5555555555555556, 1.0, 0.6666666666666666, 0.0, 0.6666666666666666, 0.1111111111111111, 0.6666666666666666, 0.2222222222222222, 0.6666666666666666, 0.3333333333333333, 0.6666666666666666, 0.4444444444444444, 0.6666666666666666, 0.5555555555555556, 0.6666666666666666, 0.6666666666666666, 0.6666666666666666, 0.7777777777777778, 0.6666666666666666, 0.8888888888888888, 0.6666666666666666, 1.0, 0.7777777777777778, 0.0, 0.7777777777777778, 0.1111111111111111, 0.7777777777777778, 0.2222222222222222, 0.7777777777777778, 0.3333333333333333, 0.7777777777777778, 0.4444444444444444, 0.7777777777777778, 0.5555555555555556, 0.7777777777777778, 0.6666666666666666, 0.7777777777777778, 0.7777777777777778, 0.7777777777777778, 0.8888888888888888, 0.7777777777777778, 1.0, 0.8888888888888888, 0.0, 0.8888888888888888, 0.1111111111111111, 0.8888888888888888, 0.2222222222222222, 0.8888888888888888, 0.3333333333333333, 0.8888888888888888, 0.4444444444444444, 0.8888888888888888, 0.5555555555555556, 0.8888888888888888, 0.6666666666666666, 0.8888888888888888, 0.7777777777777778, 0.8888888888888888, 0.8888888888888888, 0.8888888888888888, 1.0, 1.0, 0.0, 1.0, 0.1111111111111111, 1.0, 0.2222222222222222, 1.0, 0.3333333333333333, 1.0, 0.4444444444444444, 1.0, 0.5555555555555556, 1.0, 0.6666666666666666, 1.0, 0.7777777777777778, 1.0, 0.8888888888888888, 1.0, 1.0],